"path"	"bytes"	"sha256"
"inputs/ls01-grna-offtarget-rank/RANKING_RULE.md"	"970"	"43dbb054fa034978d6f02962a5b1ba43c73e579fd1c1b701f380e4e18b5d5d5a"
"inputs/ls01-grna-offtarget-rank/candidates.csv"	"246"	"965590e639364ca2aaf61ded8ddda12ed9838294901d93079b22ab25bb497ea4"
"inputs/ls01-grna-offtarget-rank/off_targets.csv"	"295"	"8f52b0ef420e623ac67e7729cc58a20ef353a26b0b5843eba1e43e451e17545b"
"inputs/ls01-primer-transcript-audit/primer_candidates.csv"	"247"	"07c905d981a61b29d29a4807ecc862c6f3c6f33941521ddc47f3e3bc33be17b1"
"inputs/ls01-primer-transcript-audit/transcripts.fa"	"276"	"f5df8e81ef56fb1376cba74338401c10fb46cae24aec88b57e616b2d9719ade6"
"inputs/ls01-vector-orf-audit/AUDIT_RULE.md"	"704"	"e1074d71b09d2137630f01e7b627fa61ea8eb8714fad99bd01294cdc87285917"
"inputs/ls01-vector-orf-audit/constructs.csv"	"262"	"5c7c9101c243e34c3fd8d2c56d10a384551d37375a6d2eebf300d90017cf2189"
"inputs/ls02-deleterious-mutation/deleterious.mutation.q2.R1.fq.gz"	"53964925"	"656a689d572750249a8f5a24e35159c9a11bfb63d425a83f2774a81e8379bf29"
"inputs/ls02-deleterious-mutation/reference/GRCh38_chr9.fa.gz"	"36554007"	"61023a6fb85e19ff8ca6797fc9acc7d9eac751195c51a56e51af087f68579705"
"inputs/ls02-deleterious-mutation/reference/README.md"	"584"	"81ca9ffb9a95971cd6970132335c5e3f67a331f6af928b41e6e9f7b1dd91f8b2"
"inputs/ls02-deleterious-mutation/reference/gencode.v47.chr9.annotation.gtf.gz"	"2358409"	"dacc70b3287ae965e4369f4fcf61b818c942ffd293e1f44aec593af99c172ee6"
"inputs/ls02-find-deletion/find.deletion.r1.fq.gz"	"16705359"	"ebb2325b99c28eb227d8f0c2c0db0eef808f737a6377b7956029f0d1f5f140d5"
"inputs/ls02-find-deletion/find.deletion.r2.fq.gz"	"16701241"	"142a6502367f40fc7324cf6243ee3dbae715afd79dfa2ae3069d38a849249cae"
"inputs/ls02-find-deletion/reference/GRCh38_chr22.fa.gz"	"11147284"	"975dfb2a410b2c271efc7d7ab321db50663132ed9521294da4690ade78f05810"
"inputs/ls02-find-deletion/reference/README.md"	"295"	"434aac8166ca74b8ad2aea4e1388f5ffa119f5ced7314056e293d577339a8640"
"inputs/ls02-infer-genome-build/references/README.md"	"563"	"53a3b13de8ff5d5cee8e6d4bd757e422231d49d76e4cb7e39d1e12df9f41aeb8"
"inputs/ls02-infer-genome-build/references/hg18_chr20.fa.gz"	"19496195"	"db0b097285fa234583a425097acfaf936ffff42819c63ef81445df19686f7765"
"inputs/ls02-infer-genome-build/references/hg19_chr20.fa.gz"	"18072551"	"c204a3e25b91ba4b4dcddaaa6bd97121eec8ed25797f833433fe47df979de089"
"inputs/ls02-infer-genome-build/references/hg38_chr20.fa.gz"	"18840364"	"d9a47cd37c4476a4ea2f9036a8d92260bf3a30ea06ee1eb6d7f8a314bf40ac0c"
"inputs/ls02-infer-genome-build/references/reference_manifest.json"	"1108"	"fec848ca8ce24193086db99e29080104a0237ccc3aa14da4eed32db3f3444dba"
"inputs/ls02-infer-genome-build/vcf.infer.build.q1.vcf.gz"	"3788749"	"0f035fb4f35b47be7a52b8d632daeb005eff6016fa1653f3008229d2e46f016e"
"inputs/ls03-atac-sample-swap/AmexT_v47-AmexG_v6.0-DD.gtf.gz"	"51302807"	"cc0c3c4e39f3afedcbe2bc5aad1d63fc461714aeb75051f4d109390455874c5d"
"inputs/ls03-atac-sample-swap/REFERENCE_NOTES.md"	"811"	"35036d7691fcbe266f69193dbf2a7221444e1c3f6da2fd96303935c0078bafa0"
"inputs/ls03-atac-sample-swap/sample.swap.atac.q1.chrom.sizes"	"1133"	"e599999a627dc825eeefcd2c1070905531b46919c13384293201163013b6632b"
"inputs/ls03-atac-sample-swap/sample.swap.atac.q1.tsv.gz"	"75204929"	"00875695427a53522c51ab62697ab4e950307d6c1adb8c1af728bc43343fa44f"
"inputs/ls03-cryptic-exon/cryptic.exon.q1.fq.gz"	"16920968"	"50017ddd9d89165f26b464c88a2b998880913f2dc89832c999f835806575c88d"
"inputs/ls03-cryptic-exon/reference/GRCh38_chr9.fa.gz"	"36554007"	"61023a6fb85e19ff8ca6797fc9acc7d9eac751195c51a56e51af087f68579705"
"inputs/ls03-cryptic-exon/reference/README.md"	"505"	"8a82050ed4ecde6bb8938325558193c2faf6906204453eaf8007d697c149bc17"
"inputs/ls03-cryptic-exon/reference/ensembl112_protein_coding_exons.tsv.gz"	"6339899"	"d0e1c5477b639c1c74d9beeba828c18e4058ea205bdec77a1892d92dc0eaf1f5"
"inputs/ls03-genome-coordinates/ANALYSIS_RULE.md"	"741"	"9c2614a2f1453939c06fe831c32aca71a20e75657ea7cadd4012246fc167fa6e"
"inputs/ls03-genome-coordinates/single_cell_dynamics_question.csv"	"18361955"	"a5e0e0f66044dd59cf151aa565308207673d66f9cb39c776885fd493d210a9ff"
"inputs/ls04-differential-composition/ANNOTATION_RULE.md"	"724"	"a73f9c5aeef7a4c9c6f14a72d1f804c74d5a93f0604e80f5286abb2ac4b8723e"
"inputs/ls04-differential-composition/MARKER_PANEL.tsv"	"673"	"e17d6c2bd761a1bae6449e72a0823203ddd94e634470f28416a775f7a6a2265c"
"inputs/ls04-differential-composition/differential.composition.q1.1.mtx.gz"	"29076744"	"4c9257db1e6fe8cecb6c3bfbc83a9f7b82bfd388f339dfb390057b89a3d3a8ca"
"inputs/ls04-differential-composition/differential.composition.q1.2.mtx.gz"	"31011024"	"c2303128c017315c8228d24903cd268259d83cbceea02d22e2963993f458f489"
"inputs/ls04-differential-composition/differential.composition.q1.genes.txt.gz"	"223316"	"1c990405313967f4913021f0ea6b6f18e80d7d10b9bdc9151d3f105b6b925740"
"inputs/ls04-perturbseq-reference-map/perturb.seq.align.q1.query.h5ad"	"19163116"	"548b33e7015d884e33dce254fcb7707ac187ec5cb33ebbd45954f2623831327e"
"inputs/ls04-perturbseq-reference-map/perturb.seq.align.q1.ref.h5ad"	"41142620"	"42b0b42978321217db1d33a9de1b93b2662e37dd4877032defaf55388b377f20"
"inputs/ls04-spatial-deconvolution/spatial.sim.tar.gz"	"2174692"	"f290570ad3d3230c0672e3050b54b37f9d89e5673f2a10216ccd359233aa417a"
"inputs/ls05-low-confidence-pocket/SCORING_RULE.md"	"1753"	"758c836aedcd321eed6d2b9a0f72d215e0852f44e455a2633aecc9d911af913b"
"inputs/ls05-low-confidence-pocket/confidence.csv"	"142"	"5c699926ecbab20844a83e588aada34fce7adec2c728eadd2293561d635c507a"
"inputs/ls05-low-confidence-pocket/mutation_candidates.csv"	"167"	"25acece8b4b1a424dc0b98d895ef5be02824065a239dda8fd8b8de42987c0251"
"inputs/ls05-protein-shape/protein.shape.q1.pdb"	"1558926"	"f7b3cbffa1dde5c84cb404ee3a060630a506a0111fc1a5468ebb2bcce98207ff"
"inputs/ls05-structure-model-ranking/SCORING_RULE.md"	"1518"	"3ba55ea866283452f5db3452ec1a4e9f6f95035c68dae7fe1516ebdbed09edc8"
"inputs/ls05-structure-model-ranking/model_metrics.csv"	"164"	"7bd496f6cdc8b432fc4f44cdab793750ab1af611374c4dfd2ab446d9677987f4"
"inputs/ls05-structure-model-ranking/residue_errors.csv"	"162"	"32cbb5dfa091167731f5b7aad8969de24252c4ba31aafe87418712a417baa0b4"
"inputs/ls06-eno1-effect-size/MeRIP_RNA_result.xlsx"	"1155180"	"0e609d50f5c8f85da42f21edaf5e5ec6a00b916c52618ae4fc2fa944bbbed615"
"inputs/ls06-eno1-effect-size/Proteomic_data .xlsx"	"646418"	"4797b77b150b85ffae004e1f7c45247b70f20bc7585d811d46f5ecbdc3cf9fed"
"inputs/ls06-eno1-effect-size/README.md"	"1248"	"7c4fd1fc38dcb995cfdc9e2d42b3d7dab07589bfa11a9a84a37898ff4b70b831"
"inputs/ls06-eno1-significance-audit/MeRIP_RNA_result.xlsx"	"1155180"	"0e609d50f5c8f85da42f21edaf5e5ec6a00b916c52618ae4fc2fa944bbbed615"
"inputs/ls06-eno1-significance-audit/Proteomic_data .xlsx"	"646418"	"4797b77b150b85ffae004e1f7c45247b70f20bc7585d811d46f5ecbdc3cf9fed"
"inputs/ls06-eno1-significance-audit/README.md"	"970"	"3201f1e4d7db58d5aa5eac747af7446e22b882dfd025abe53403faffb0613ade"
"inputs/ls07-combination-treatment-deg/README.md"	"1193"	"4437035ffb5627b5fa862b149e80a058cdadcc5bc192ce5a1b632f1c520450e1"
"inputs/ls07-combination-treatment-deg/counts_raw_unfiltered.csv"	"6016681"	"ee6b00ce83200f509c2fc1fe489c4d19ea318062892a4ee4f4f1d3b72473f2f7"
"inputs/ls07-combination-treatment-deg/ensg_to_gene_name.tsv"	"2360408"	"bcee755a136bec21e8e60886acbbb841751633b67ba786f61e52857295cc9c17"
"inputs/ls07-combination-treatment-deg/sample_layout.csv"	"2860"	"0aef638c59ce11b48f3d9f0cafc5a81446a15b66a060433c537ed8725e878c42"
"inputs/ls07-combination-treatment-mechanism/README.md"	"1692"	"fc23327a96151aedcde4ef7e6882cbd87801c1c6cab6066d90d720d8a2a1b994"
"inputs/ls07-combination-treatment-mechanism/Reactome_2022.background.txt"	"65942"	"1ef29c29901cdc2e1efdfd378141ea6811f49e2d70b35e63be2a4b0e9c41c0cc"
"inputs/ls07-combination-treatment-mechanism/Reactome_2022.gmt"	"778913"	"cfe1adc75aa3137ba74c1b35a3098e88ea1708b204e5edfd788092b7ef5c08f8"
"inputs/ls07-combination-treatment-mechanism/Reactome_2022.manifest.json"	"1515"	"d056e96c07f90cde5c38f586984f7f927ca8a961ebff90a7fa76ae342720f761"
"inputs/ls07-combination-treatment-mechanism/counts_raw_unfiltered.csv"	"6016681"	"ee6b00ce83200f509c2fc1fe489c4d19ea318062892a4ee4f4f1d3b72473f2f7"
"inputs/ls07-combination-treatment-mechanism/ensg_to_gene_name.tsv"	"2360408"	"bcee755a136bec21e8e60886acbbb841751633b67ba786f61e52857295cc9c17"
"inputs/ls07-combination-treatment-mechanism/sample_layout.csv"	"2860"	"0aef638c59ce11b48f3d9f0cafc5a81446a15b66a060433c537ed8725e878c42"
"inputs/ls08-enhancer-promoter-integration/INTEGRATION_RULE.md"	"1011"	"68bb8136cc003edad5ae01242621f9e012e6ba99acc8826dc12353b43af0c37f"
"inputs/ls08-enhancer-promoter-integration/README.md"	"1131"	"cc66131684a1adde3efbfb91d29e5aceef96f49256077fe00f3c38d3e41967b6"
"inputs/ls08-enhancer-promoter-integration/ep.interactions.q1.expr.csv"	"3792"	"5707e13db4d8252a25db70d0b62e9c11fa8f5721e5ee5320c5be501f3b955092"
"inputs/ls08-enhancer-promoter-integration/ep.interactions.q1.hic.csv"	"6388"	"662ec81e31f7699cc5eaa7e0803377fef942320ac9a610e121f825cf8607768f"
"inputs/ls08-multiome-column-match/MATCHING_RULE.md"	"880"	"cfe9b95819aaf177cf01be8f8fb46252e9f9c6cc6a014d44c5c646bb1f138da7"
"inputs/ls08-multiome-column-match/README.md"	"1122"	"68cd4b7264241c0fd93cf9fdf948bee4c0435178baa2be73e5789c77a6388050"
"inputs/ls08-multiome-column-match/ensembl112_gene_coordinates.tsv"	"4200908"	"044b40af519570a82708844a7ac0c10e90957bfa2eaf2f8616f40a592eb9ef6f"
"inputs/ls08-multiome-column-match/multiome.match.atac.rna.q1.atac.tsv.gz"	"15259355"	"2b72f84d4a9c75dc78611b3b6ff727a0d2190e3d98f49f2fd08e8d1ebfe00d16"
"inputs/ls08-multiome-column-match/multiome.match.atac.rna.q1.rna.tsv.gz"	"1432352"	"caceed54a983fb7c0b58cb5d34a61a999b0e7dec9efa2dd0175450fa0f080784"
"inputs/ls09-opentrons-sop/README.md"	"1699"	"254d26724b5721c6531504de29811ab67ae2dd3eae01bad041dd6a84fa5c2d8b"
"inputs/ls09-opentrons-sop/instrument.csv"	"123"	"dfdd2bd6a3811b1554188760603a134286ddf3cd266a2413782033e77b5ce883"
"inputs/ls09-opentrons-sop/labware.csv"	"329"	"6a871dd413c7def2a971dd6bba25981c678fb22c0b9b2518a73b6f588136a53e"
"inputs/ls09-opentrons-sop/reagent_map.csv"	"200"	"9c6befe42ad90e4b7449a25dcb396eb4bd69315376780f0dbc3a69f2f9ec4068"
"inputs/ls09-opentrons-sop/sample_map.csv"	"274"	"2ae50b7e5723c4346dd9edd303d7842b3e1c9bdd9c6de59dbcbe2951f3f38309"
"inputs/ls09-opentrons-sop/simulator_contract.json"	"1108"	"946ca28ec411f17a5d71fb68ad86861a73685fb1d75207846d395fb18c81f134"
"inputs/ls09-opentrons-sop/sop.md"	"1481"	"83f6ffff329a6397212c696ef0f187c70f3d2cfcc0f40144bd1c3686c4bbc349"
"inputs/ls09-plate-dilution-recovery/README.md"	"1204"	"b7a0dbf77c5c2d3ec5ae5a108e0bbcfafdebb03a87873a94cdb99af729f328a3"
"inputs/ls09-plate-dilution-recovery/dilution_request.csv"	"94"	"7770346dd40d12578ace15ace846575762db5f8a32af8f402751bedcc3f950c1"
"inputs/ls09-plate-dilution-recovery/pipettes.csv"	"62"	"31f490d6ffdd030ce0d7ff9d160a92b1b5105fdf861f576e26735b0f1f44b5a9"
"inputs/ls09-plate-dilution-recovery/plate_map.csv"	"187"	"145ffb5d647b656bca848984a009eefe37be4f34df557ea4bdd409df29429e4c"
"inputs/ls09-plate-dilution-recovery/run_log.csv"	"587"	"6955bfee50b495aa748709db254cac7da5551ffa41d076c9d963ade52bd43506"
"inputs/ls09-plate-dilution-recovery/source_inventory.csv"	"182"	"5469c5a052ffe2c6625c075f7b1872d3afb70a5cbd4ce3ca0f5c1349c3e10f95"
"inputs/ls10-neun-power-analysis/NeuN_quantification.csv"	"218"	"c6627a3f8b8ff772e8512816044ed9b3338ce80b5d0cd2f1a08f734f77895116"
"inputs/ls10-neun-power-analysis/README.md"	"770"	"70c1bed0970e769eaee1b1c8ec0a2b963134ab3a10694a45758bf26cf80b1d32"
"inputs/ls10-treatment-response-model/README.md"	"806"	"af9a30ebb4152ff417787ce68073c3ae51e31e8535fef2e8935a16ddebcc9979"
"inputs/ls10-treatment-response-model/data.xlsx"	"22788"	"0088a66f710fb0e402d46647c2fa1cb2bbf42ffb9f36edc71100b610685d4399"
